key_space_M,emb_dim,query_count,method,[D] query_Mean,gpu_meta_Mean
100,32,128,CPU,36.864,21.956
100,32,128,UVA,11.264,0.0
100,32,512,CPU,68.096,22.990000000000002
100,32,512,UVA,21.504,0.0
100,32,1024,CPU,116.96,29.502
100,32,1024,UVA,34.816,0.0
100,32,1536,CPU,160.8,33.867
100,32,1536,UVA,49.152,0.0
100,32,2048,CPU,215.264,40.461999999999996
100,32,2048,UVA,62.464,0.0
