query_count,[D] query_Mean_CPU,[D] query_Mean_UVA,gpu_meta_Mean_CPU,gpu_meta_Mean_UVA
128,36.864,11.264,21.956,0.0
512,68.096,21.504,22.990000000000002,0.0
1024,116.96,34.816,29.502,0.0
1536,160.8,49.152,33.867,0.0
2048,215.264,62.464,40.461999999999996,0.0
